,Unnamed: 0,Date,MAverageTemp,MAverageTempUncertainty,Country,newdates
1576,553217,1/1/00,-2.573,0.443,United States,1/1/1900
1577,553218,2/1/00,-2.912,0.533,United States,2/1/1900
1578,553219,3/1/00,2.636,0.358,United States,3/1/1900
1579,553220,4/1/00,8.091,0.263,United States,4/1/1900
1580,553221,5/1/00,14.317,0.239,United States,5/1/1900
1581,553222,6/1/00,19.28,0.379,United States,6/1/1900
1582,553223,7/1/00,21.134,0.478,United States,7/1/1900
1583,553224,8/1/00,20.62,0.353,United States,8/1/1900
1584,553225,9/1/00,16.242,0.359,United States,9/1/1900
1585,553226,10/1/00,10.536,0.431,United States,10/1/1900
1586,553227,11/1/00,2.414,0.398,United States,11/1/1900
1587,553228,12/1/00,-1.526,0.573,United States,12/1/1900
1588,553229,1/1/01,-3.432,0.358,United States,1/1/1901
1589,553230,2/1/01,-3.827,0.375,United States,2/1/1901
1590,553231,3/1/01,2.085,0.412,United States,3/1/1901
1591,553232,4/1/01,6.877,0.519,United States,4/1/1901
1592,553233,5/1/01,13.623,0.372,United States,5/1/1901
1593,553234,6/1/01,18.365,0.456,United States,6/1/1901
1594,553235,7/1/01,22.418,0.401,United States,7/1/1901
1595,553236,8/1/01,20.647,0.383,United States,8/1/1901
1596,553237,9/1/01,15.375,0.335,United States,9/1/1901
1597,553238,10/1/01,10.224,0.318,United States,10/1/1901
1598,553239,11/1/01,2.507,0.438,United States,11/1/1901
1599,553240,12/1/01,-2.923,0.471,United States,12/1/1901
1600,553241,1/1/02,-3.927,0.676,United States,1/1/1902
1601,553242,2/1/02,-2.343,0.478,United States,2/1/1902
1602,553243,3/1/02,1.898,0.262,United States,3/1/1902
1603,553244,4/1/02,7.759,0.269,United States,4/1/1902
1604,553245,5/1/02,14.56,0.435,United States,5/1/1902
1605,553246,6/1/02,18.638,0.491,United States,6/1/1902
1606,553247,7/1/02,20.688,0.361,United States,7/1/1902
1607,553248,8/1/02,19.962,0.33,United States,8/1/1902
1608,553249,9/1/02,15.182,0.214,United States,9/1/1902
1609,553250,10/1/02,9.996,0.352,United States,10/1/1902
1610,553251,11/1/02,3.142,0.286,United States,11/1/1902
1611,553252,12/1/02,-4.107,0.772,United States,12/1/1902
1612,553253,1/1/03,-4.273,0.63,United States,1/1/1903
1613,553254,2/1/03,-4.017,0.587,United States,2/1/1903
1614,553255,3/1/03,3.036,0.418,United States,3/1/1903
1615,553256,4/1/03,7.183,0.379,United States,4/1/1903
1616,553257,5/1/03,13.166,0.257,United States,5/1/1903
1617,553258,6/1/03,17.403,0.435,United States,6/1/1903
1618,553259,7/1/03,20.549,0.446,United States,7/1/1903
1619,553260,8/1/03,19.818,0.341,United States,8/1/1903
1620,553261,9/1/03,15.046,0.351,United States,9/1/1903
1621,553262,10/1/03,9.023,0.393,United States,10/1/1903
1622,553263,11/1/03,1.69,0.363,United States,11/1/1903
1623,553264,12/1/03,-2.897,0.428,United States,12/1/1903
1624,553265,1/1/04,-5.517,0.804,United States,1/1/1904
1625,553266,2/1/04,-3.159,0.697,United States,2/1/1904
1626,553267,3/1/04,2.627,0.402,United States,3/1/1904
1627,553268,4/1/04,7.364,0.279,United States,4/1/1904
1628,553269,5/1/04,13.767,0.325,United States,5/1/1904
1629,553270,6/1/04,17.949,0.443,United States,6/1/1904
1630,553271,7/1/04,20.264,0.438,United States,7/1/1904
1631,553272,8/1/04,19.482,0.367,United States,8/1/1904
1632,553273,9/1/04,15.938,0.304,United States,9/1/1904
1633,553274,10/1/04,9.629,0.32,United States,10/1/1904
1634,553275,11/1/04,2.753,0.5,United States,11/1/1904
1635,553276,12/1/04,-2.689,0.385,United States,12/1/1904
1636,553277,1/1/05,-4.786,0.637,United States,1/1/1905
1637,553278,2/1/05,-4.43,0.448,United States,2/1/1905
1638,553279,3/1/05,4.707,0.3,United States,3/1/1905
1639,553280,4/1/05,8.112,0.458,United States,4/1/1905
1640,553281,5/1/05,13.254,0.26,United States,5/1/1905
1641,553282,6/1/05,18.337,0.283,United States,6/1/1905
1642,553283,7/1/05,20.432,0.23,United States,7/1/1905
1643,553284,8/1/05,20.473,0.267,United States,8/1/1905
1644,553285,9/1/05,16.206,0.233,United States,9/1/1905
1645,553286,10/1/05,8.391,0.411,United States,10/1/1905
1646,553287,11/1/05,3.51,0.353,United States,11/1/1905
1647,553288,12/1/05,-3.378,0.524,United States,12/1/1905
1648,553289,1/1/06,-3.88,0.548,United States,1/1/1906
1649,553290,2/1/06,-1.597,0.408,United States,2/1/1906
1650,553291,3/1/06,0.736,0.238,United States,3/1/1906
1651,553292,4/1/06,8.731,0.28,United States,4/1/1906
1652,553293,5/1/06,13.517,0.3,United States,5/1/1906
1653,553294,6/1/06,18.219,0.478,United States,6/1/1906
1654,553295,7/1/06,20.545,0.28,United States,7/1/1906
1655,553296,8/1/06,20.239,0.269,United States,8/1/1906
1656,553297,9/1/06,16.804,0.219,United States,9/1/1906
1657,553298,10/1/06,9.172,0.2,United States,10/1/1906
1658,553299,11/1/06,2.007,0.246,United States,11/1/1906
1659,553300,12/1/06,-1.772,0.678,United States,12/1/1906
1660,553301,1/1/07,-3.011,0.431,United States,1/1/1907
1661,553302,2/1/07,-2.082,0.346,United States,2/1/1907
1662,553303,3/1/07,4.136,0.317,United States,3/1/1907
1663,553304,4/1/07,6.417,0.264,United States,4/1/1907
1664,553305,5/1/07,11.935,0.324,United States,5/1/1907
1665,553306,6/1/07,17.257,0.231,United States,6/1/1907
1666,553307,7/1/07,20.662,0.295,United States,7/1/1907
1667,553308,8/1/07,19.741,0.322,United States,8/1/1907
1668,553309,9/1/07,15.73,0.257,United States,9/1/1907
1669,553310,10/1/07,9.167,0.345,United States,10/1/1907
1670,553311,11/1/07,2.046,0.327,United States,11/1/1907
1671,553312,12/1/07,-1.27,0.407,United States,12/1/1907
1672,553313,1/1/08,-2.655,0.495,United States,1/1/1908
1673,553314,2/1/08,-1.552,0.433,United States,2/1/1908
1674,553315,3/1/08,3.453,0.373,United States,3/1/1908
1675,553316,4/1/08,8.501,0.218,United States,4/1/1908
1676,553317,5/1/08,13.127,0.242,United States,5/1/1908
1677,553318,6/1/08,17.895,0.256,United States,6/1/1908
1678,553319,7/1/08,21.004,0.279,United States,7/1/1908
1679,553320,8/1/08,19.591,0.295,United States,8/1/1908
1680,553321,9/1/08,15.949,0.358,United States,9/1/1908
1681,553322,10/1/08,8.173,0.337,United States,10/1/1908
1682,553323,11/1/08,3.078,0.275,United States,11/1/1908
1683,553324,12/1/08,-1.497,0.576,United States,12/1/1908
1684,553325,1/1/09,-3.627,0.372,United States,1/1/1909
1685,553326,2/1/09,-1.809,0.34,United States,2/1/1909
1686,553327,3/1/09,1.745,0.263,United States,3/1/1909
1687,553328,4/1/09,6.805,0.328,United States,4/1/1909
1688,553329,5/1/09,12.705,0.29,United States,5/1/1909
1689,553330,6/1/09,18.643,0.181,United States,6/1/1909
1690,553331,7/1/09,20.885,0.23,United States,7/1/1909
1691,553332,8/1/09,20.72,0.201,United States,8/1/1909
1692,553333,9/1/09,15.612,0.188,United States,9/1/1909
1693,553334,10/1/09,8.851,0.323,United States,10/1/1909
1694,553335,11/1/09,3.799,0.256,United States,11/1/1909
1695,553336,12/1/09,-5.667,0.404,United States,12/1/1909
1696,553337,1/1/10,-4.26,0.462,United States,1/1/1910
1697,553338,2/1/10,-4.243,0.466,United States,2/1/1910
1698,553339,3/1/10,5.972,0.31,United States,3/1/1910
1699,553340,4/1/10,8.618,0.307,United States,4/1/1910
1700,553341,5/1/10,13.182,0.166,United States,5/1/1910
1701,553342,6/1/10,18.243,0.162,United States,6/1/1910
1702,553343,7/1/10,21.38,0.155,United States,7/1/1910
1703,553344,8/1/10,19.847,0.219,United States,8/1/1910
1704,553345,9/1/10,16.63,0.207,United States,9/1/1910
1705,553346,10/1/10,10.201,0.265,United States,10/1/1910
1706,553347,11/1/10,2.56,0.258,United States,11/1/1910
1707,553348,12/1/10,-3.035,0.377,United States,12/1/1910
1708,553349,1/1/11,-3.006,0.389,United States,1/1/1911
1709,553350,2/1/11,-1.433,0.489,United States,2/1/1911
1710,553351,3/1/11,3.259,0.346,United States,3/1/1911
1711,553352,4/1/11,7.184,0.217,United States,4/1/1911
1712,553353,5/1/11,14.122,0.213,United States,5/1/1911
1713,553354,6/1/11,19.57,0.247,United States,6/1/1911
1714,553355,7/1/11,20.892,0.256,United States,7/1/1911
1715,553356,8/1/11,19.886,0.154,United States,8/1/1911
1716,553357,9/1/11,16.869,0.284,United States,9/1/1911
1717,553358,10/1/11,9.583,0.187,United States,10/1/1911
1718,553359,11/1/11,0.624,0.351,United States,11/1/1911
1719,553360,12/1/11,-2.695,0.556,United States,12/1/1911
1720,553361,1/1/12,-5.591,0.624,United States,1/1/1912
1721,553362,2/1/12,-2.417,0.536,United States,2/1/1912
1722,553363,3/1/12,0.695,0.478,United States,3/1/1912
1723,553364,4/1/12,8.249,0.32,United States,4/1/1912
1724,553365,5/1/12,14.127,0.399,United States,5/1/1912
1725,553366,6/1/12,17.551,0.23,United States,6/1/1912
1726,553367,7/1/12,20.578,0.202,United States,7/1/1912
1727,553368,8/1/12,19.307,0.213,United States,8/1/1912
1728,553369,9/1/12,15.134,0.233,United States,9/1/1912
1729,553370,10/1/12,9.256,0.248,United States,10/1/1912
1730,553371,11/1/12,3.192,0.297,United States,11/1/1912
1731,553372,12/1/12,-2.39,0.223,United States,12/1/1912
1732,553373,1/1/13,-4.323,0.478,United States,1/1/1913
1733,553374,2/1/13,-2.982,0.397,United States,2/1/1913
1734,553375,3/1/13,1.57,0.194,United States,3/1/1913
1735,553376,4/1/13,8.02,0.275,United States,4/1/1913
1736,553377,5/1/13,13.767,0.197,United States,5/1/1913
1737,553378,6/1/13,18.731,0.202,United States,6/1/1913
1738,553379,7/1/13,21.019,0.214,United States,7/1/1913
1739,553380,8/1/13,20.744,0.344,United States,8/1/1913
1740,553381,9/1/13,15.332,0.32,United States,9/1/1913
1741,553382,10/1/13,8.337,0.311,United States,10/1/1913
1742,553383,11/1/13,4.355,0.422,United States,11/1/1913
1743,553384,12/1/13,-1.944,0.355,United States,12/1/1913
1744,553385,1/1/14,-1.673,0.587,United States,1/1/1914
1745,553386,2/1/14,-3.253,0.382,United States,2/1/1914
1746,553387,3/1/14,2.188,0.278,United States,3/1/1914
1747,553388,4/1/14,8.026,0.384,United States,4/1/1914
1748,553389,5/1/14,14.28,0.377,United States,5/1/1914
1749,553390,6/1/14,19.133,0.295,United States,6/1/1914
1750,553391,7/1/14,21.429,0.25,United States,7/1/1914
1751,553392,8/1/14,20.253,0.239,United States,8/1/1914
1752,553393,9/1/14,15.729,0.282,United States,9/1/1914
1753,553394,10/1/14,10.597,0.295,United States,10/1/1914
1754,553395,11/1/14,3.586,0.316,United States,11/1/1914
1755,553396,12/1/14,-3.777,0.495,United States,12/1/1914
1756,553397,1/1/15,-3.958,0.467,United States,1/1/1915
1757,553398,2/1/15,-0.853,0.424,United States,2/1/1915
1758,553399,3/1/15,1.043,0.48,United States,3/1/1915
1759,553400,4/1/15,10.088,0.343,United States,4/1/1915
1760,553401,5/1/15,13.148,0.485,United States,5/1/1915
1761,553402,6/1/15,17.743,0.207,United States,6/1/1915
1762,553403,7/1/15,20.383,0.199,United States,7/1/1915
1763,553404,8/1/15,19.511,0.256,United States,8/1/1915
1764,553405,9/1/15,16.037,0.23,United States,9/1/1915
1765,553406,10/1/15,9.812,0.186,United States,10/1/1915
1766,553407,11/1/15,3.315,0.428,United States,11/1/1915
1767,553408,12/1/15,-2.49,0.364,United States,12/1/1915
1768,553409,1/1/16,-4.318,0.354,United States,1/1/1916
1769,553410,2/1/16,-2.109,0.457,United States,2/1/1916
1770,553411,3/1/16,2.256,0.453,United States,3/1/1916
1771,553412,4/1/16,7.941,0.272,United States,4/1/1916
1772,553413,5/1/16,13.277,0.178,United States,5/1/1916
1773,553414,6/1/16,17.62,0.153,United States,6/1/1916
1774,553415,7/1/16,21.586,0.162,United States,7/1/1916
1775,553416,8/1/16,20.17,0.244,United States,8/1/1916
1776,553417,9/1/16,15.54,0.227,United States,9/1/1916
1777,553418,10/1/16,9.053,0.177,United States,10/1/1916
1778,553419,11/1/16,1.962,0.15,United States,11/1/1916
1779,553420,12/1/16,-4.817,0.424,United States,12/1/1916
1780,553421,1/1/17,-5.336,0.512,United States,1/1/1917
1781,553422,2/1/17,-2.875,0.425,United States,2/1/1917
1782,553423,3/1/17,1.592,0.309,United States,3/1/1917
1783,553424,4/1/17,6.957,0.283,United States,4/1/1917
1784,553425,5/1/17,11.348,0.245,United States,5/1/1917
1785,553426,6/1/17,17.806,0.233,United States,6/1/1917
1786,553427,7/1/17,21.49,0.417,United States,7/1/1917
1787,553428,8/1/17,19.923,0.317,United States,8/1/1917
1788,553429,9/1/17,15.767,0.317,United States,9/1/1917
1789,553430,10/1/17,7.847,0.217,United States,10/1/1917
1790,553431,11/1/17,2.629,0.458,United States,11/1/1917
1791,553432,12/1/17,-5.114,0.359,United States,12/1/1917
1792,553433,1/1/18,-6.737,0.359,United States,1/1/1918
1793,553434,2/1/18,-1.85,0.416,United States,2/1/1918
1794,553435,3/1/18,3.915,0.378,United States,3/1/1918
1795,553436,4/1/18,6.667,0.171,United States,4/1/1918
1796,553437,5/1/18,13.792,0.195,United States,5/1/1918
1797,553438,6/1/18,19.596,0.167,United States,6/1/1918
1798,553439,7/1/18,20.916,0.217,United States,7/1/1918
1799,553440,8/1/18,20.485,0.255,United States,8/1/1918
1800,553441,9/1/18,14.913,0.212,United States,9/1/1918
1801,553442,10/1/18,10.488,0.156,United States,10/1/1918
1802,553443,11/1/18,1.569,0.282,United States,11/1/1918
1803,553444,12/1/18,-1.739,0.235,United States,12/1/1918
1804,553445,1/1/19,-3.257,0.402,United States,1/1/1919
1805,553446,2/1/19,-2.279,0.334,United States,2/1/1919
1806,553447,3/1/19,2.229,0.388,United States,3/1/1919
1807,553448,4/1/19,8.194,0.489,United States,4/1/1919
1808,553449,5/1/19,13.702,0.303,United States,5/1/1919
1809,553450,6/1/19,18.615,0.194,United States,6/1/1919
1810,553451,7/1/19,21.681,0.206,United States,7/1/1919
1811,553452,8/1/19,20.471,0.303,United States,8/1/1919
1812,553453,9/1/19,16.578,0.167,United States,9/1/1919
1813,553454,10/1/19,8.987,0.211,United States,10/1/1919
1814,553455,11/1/19,1.538,0.137,United States,11/1/1919
1815,553456,12/1/19,-4.003,0.354,United States,12/1/1919
1816,553457,1/1/20,-4.624,0.332,United States,1/1/1920
1817,553458,2/1/20,-1.038,0.401,United States,2/1/1920
1818,553459,3/1/20,1.628,0.245,United States,3/1/1920
1819,553460,4/1/20,5.381,0.528,United States,4/1/1920
1820,553461,5/1/20,12.99,0.232,United States,5/1/1920
1821,553462,6/1/20,18.076,0.292,United States,6/1/1920
1822,553463,7/1/20,20.752,0.259,United States,7/1/1920
1823,553464,8/1/20,19.588,0.206,United States,8/1/1920
1824,553465,9/1/20,16.247,0.26,United States,9/1/1920
1825,553466,10/1/20,9.667,0.276,United States,10/1/1920
1826,553467,11/1/20,1.832,0.374,United States,11/1/1920
1827,553468,12/1/20,-2.285,0.507,United States,12/1/1920
1828,553469,1/1/21,-2.321,0.459,United States,1/1/1921
1829,553470,2/1/21,-0.682,0.285,United States,2/1/1921
1830,553471,3/1/21,5.197,0.219,United States,3/1/1921
1831,553472,4/1/21,7.935,0.313,United States,4/1/1921
1832,553473,5/1/21,13.612,0.168,United States,5/1/1921
1833,553474,6/1/21,19.506,0.346,United States,6/1/1921
1834,553475,7/1/21,21.784,0.37,United States,7/1/1921
1835,553476,8/1/21,20.483,0.205,United States,8/1/1921
1836,553477,9/1/21,16.745,0.225,United States,9/1/1921
1837,553478,10/1/21,10.188,0.232,United States,10/1/1921
1838,553479,11/1/21,3.433,0.227,United States,11/1/1921
1839,553480,12/1/21,-0.732,0.303,United States,12/1/1921
1840,553481,1/1/22,-4.678,0.418,United States,1/1/1922
1841,553482,2/1/22,-2.384,0.209,United States,2/1/1922
1842,553483,3/1/22,1.738,0.198,United States,3/1/1922
1843,553484,4/1/22,7.834,0.206,United States,4/1/1922
1844,553485,5/1/22,13.851,0.268,United States,5/1/1922
1845,553486,6/1/22,19.154,0.176,United States,6/1/1922
1846,553487,7/1/22,20.617,0.243,United States,7/1/1922
1847,553488,8/1/22,20.55,0.28,United States,8/1/1922
1848,553489,9/1/22,17.048,0.281,United States,9/1/1922
1849,553490,10/1/22,10.385,0.219,United States,10/1/1922
1850,553491,11/1/22,2.783,0.367,United States,11/1/1922
1851,553492,12/1/22,-1.68,0.14,United States,12/1/1922
1852,553493,1/1/23,-1.925,0.268,United States,1/1/1923
1853,553494,2/1/23,-3.042,0.271,United States,2/1/1923
1854,553495,3/1/23,1.106,0.182,United States,3/1/1923
1855,553496,4/1/23,7.579,0.156,United States,4/1/1923
1856,553497,5/1/23,13.487,0.181,United States,5/1/1923
1857,553498,6/1/23,18.438,0.159,United States,6/1/1923
1858,553499,7/1/23,21.53,0.203,United States,7/1/1923
1859,553500,8/1/23,20.356,0.207,United States,8/1/1923
1860,553501,9/1/23,16.284,0.202,United States,9/1/1923
1861,553502,10/1/23,9.006,0.155,United States,10/1/1923
1862,553503,11/1/23,3.682,0.344,United States,11/1/1923
1863,553504,12/1/23,-1.377,0.378,United States,12/1/1923
1864,553505,1/1/24,-5.418,0.254,United States,1/1/1924
1865,553506,2/1/24,-1.349,0.265,United States,2/1/1924
1866,553507,3/1/24,1.36,0.249,United States,3/1/1924
1867,553508,4/1/24,6.617,0.267,United States,4/1/1924
1868,553509,5/1/24,12.578,0.292,United States,5/1/1924
1869,553510,6/1/24,18.679,0.206,United States,6/1/1924
1870,553511,7/1/24,20.3,0.231,United States,7/1/1924
1871,553512,8/1/24,20.249,0.198,United States,8/1/1924
1872,553513,9/1/24,15.04,0.127,United States,9/1/1924
1873,553514,10/1/24,9.626,0.185,United States,10/1/1924
1874,553515,11/1/24,3.603,0.209,United States,11/1/1924
1875,553516,12/1/24,-4.657,0.32,United States,12/1/1924
1876,553517,1/1/25,-5.223,0.596,United States,1/1/1925
1877,553518,2/1/25,-0.38,0.405,United States,2/1/1925
1878,553519,3/1/25,3.972,0.343,United States,3/1/1925
1879,553520,4/1/25,9.856,0.196,United States,4/1/1925
1880,553521,5/1/25,13.792,0.266,United States,5/1/1925
1881,553522,6/1/25,19.242,0.229,United States,6/1/1925
1882,553523,7/1/25,21.496,0.157,United States,7/1/1925
1883,553524,8/1/25,20.211,0.174,United States,8/1/1925
1884,553525,9/1/25,17.195,0.15,United States,9/1/1925
1885,553526,10/1/25,7.894,0.219,United States,10/1/1925
1886,553527,11/1/25,2.55,0.315,United States,11/1/1925
1887,553528,12/1/25,-2.408,0.298,United States,12/1/1925
1888,553529,1/1/26,-2.437,0.234,United States,1/1/1926
1889,553530,2/1/26,-0.045,0.224,United States,2/1/1926
1890,553531,3/1/26,2.668,0.227,United States,3/1/1926
1891,553532,4/1/26,8.131,0.324,United States,4/1/1926
1892,553533,5/1/26,14.182,0.31,United States,5/1/1926
1893,553534,6/1/26,18.768,0.262,United States,6/1/1926
1894,553535,7/1/26,21.291,0.246,United States,7/1/1926
1895,553536,8/1/26,20.658,0.244,United States,8/1/1926
1896,553537,9/1/26,16.166,0.192,United States,9/1/1926
1897,553538,10/1/26,10.512,0.244,United States,10/1/1926
1898,553539,11/1/26,2.975,0.267,United States,11/1/1926
1899,553540,12/1/26,-3.186,0.219,United States,12/1/1926
1900,553541,1/1/27,-2.643,0.129,United States,1/1/1927
1901,553542,2/1/27,0.369,0.225,United States,2/1/1927
1902,553543,3/1/27,2.406,0.265,United States,3/1/1927
1903,553544,4/1/27,7.629,0.169,United States,4/1/1927
1904,553545,5/1/27,13.494,0.248,United States,5/1/1927
1905,553546,6/1/27,18.142,0.183,United States,6/1/1927
1906,553547,7/1/27,21.027,0.159,United States,7/1/1927
1907,553548,8/1/27,19.134,0.174,United States,8/1/1927
1908,553549,9/1/27,15.933,0.142,United States,9/1/1927
1909,553550,10/1/27,10.219,0.154,United States,10/1/1927
1910,553551,11/1/27,3.282,0.334,United States,11/1/1927
1911,553552,12/1/27,-4.36,0.259,United States,12/1/1927
1912,553553,1/1/28,-2.159,0.185,United States,1/1/1928
1913,553554,2/1/28,-0.62,0.301,United States,2/1/1928
1914,553555,3/1/28,2.807,0.216,United States,3/1/1928
1915,553556,4/1/28,6.719,0.155,United States,4/1/1928
1916,553557,5/1/28,14.303,0.304,United States,5/1/1928
1917,553558,6/1/28,17.503,0.261,United States,6/1/1928
1918,553559,7/1/28,21.151,0.229,United States,7/1/1928
1919,553560,8/1/28,20.125,0.22,United States,8/1/1928
1920,553561,9/1/28,15.231,0.165,United States,9/1/1928
1921,553562,10/1/28,10.06,0.161,United States,10/1/1928
1922,553563,11/1/28,3.148,0.264,United States,11/1/1928
1923,553564,12/1/28,-1.756,0.366,United States,12/1/1928
1924,553565,1/1/29,-4.485,0.246,United States,1/1/1929
1925,553566,2/1/29,-4.131,0.187,United States,2/1/1929
1926,553567,3/1/29,3.016,0.235,United States,3/1/1929
1927,553568,4/1/29,8.047,0.171,United States,4/1/1929
1928,553569,5/1/29,13.156,0.302,United States,5/1/1929
1929,553570,6/1/29,18.241,0.169,United States,6/1/1929
1930,553571,7/1/29,21.211,0.15,United States,7/1/1929
1931,553572,8/1/29,20.547,0.161,United States,8/1/1929
1932,553573,9/1/29,15.896,0.201,United States,9/1/1929
1933,553574,10/1/29,9.663,0.15,United States,10/1/1929
1934,553575,11/1/29,1.829,0.268,United States,11/1/1929
1935,553576,12/1/29,-1.716,0.197,United States,12/1/1929
1936,553577,1/1/30,-5.784,0.225,United States,1/1/1930
1937,553578,2/1/30,0.243,0.263,United States,2/1/1930
1938,553579,3/1/30,1.677,0.241,United States,3/1/1930
1939,553580,4/1/30,9.419,0.264,United States,4/1/1930
1940,553581,5/1/30,13.287,0.215,United States,5/1/1930
1941,553582,6/1/30,18.587,0.145,United States,6/1/1930
1942,553583,7/1/30,21.939,0.126,United States,7/1/1930
1943,553584,8/1/30,20.758,0.079,United States,8/1/1930
1944,553585,9/1/30,16.474,0.117,United States,9/1/1930
1945,553586,10/1/30,8.555,0.113,United States,10/1/1930
1946,553587,11/1/30,2.091,0.182,United States,11/1/1930
1947,553588,12/1/30,-2.394,0.219,United States,12/1/1930
1948,553589,1/1/31,-1.843,0.272,United States,1/1/1931
1949,553590,2/1/31,0.576,0.255,United States,2/1/1931
1950,553591,3/1/31,1.644,0.255,United States,3/1/1931
1951,553592,4/1/31,8.052,0.251,United States,4/1/1931
1952,553593,5/1/31,13.198,0.166,United States,5/1/1931
1953,553594,6/1/31,19.565,0.173,United States,6/1/1931
1954,553595,7/1/31,22.143,0.205,United States,7/1/1931
1955,553596,8/1/31,20.291,0.15,United States,8/1/1931
1956,553597,9/1/31,17.573,0.132,United States,9/1/1931
1957,553598,10/1/31,10.659,0.151,United States,10/1/1931
1958,553599,11/1/31,3.932,0.164,United States,11/1/1931
1959,553600,12/1/31,-1.061,0.193,United States,12/1/1931
1960,553601,1/1/32,-3.657,0.388,United States,1/1/1932
1961,553602,2/1/32,-1.164,0.247,United States,2/1/1932
1962,553603,3/1/32,1.123,0.221,United States,3/1/1932
1963,553604,4/1/32,8.617,0.269,United States,4/1/1932
1964,553605,5/1/32,13.868,0.219,United States,5/1/1932
1965,553606,6/1/32,18.85,0.178,United States,6/1/1932
1966,553607,7/1/32,21.495,0.226,United States,7/1/1932
1967,553608,8/1/32,20.439,0.196,United States,8/1/1932
1968,553609,9/1/32,15.926,0.157,United States,9/1/1932
1969,553610,10/1/32,9.023,0.213,United States,10/1/1932
1970,553611,11/1/32,1.578,0.245,United States,11/1/1932
1971,553612,12/1/32,-3.624,0.185,United States,12/1/1932
1972,553613,1/1/33,-2.599,0.29,United States,1/1/1933
1973,553614,2/1/33,-3.768,0.305,United States,2/1/1933
1974,553615,3/1/33,2.673,0.22,United States,3/1/1933
1975,553616,4/1/33,7.73,0.2,United States,4/1/1933
1976,553617,5/1/33,13.544,0.094,United States,5/1/1933
1977,553618,6/1/33,19.805,0.167,United States,6/1/1933
1978,553619,7/1/33,21.917,0.162,United States,7/1/1933
1979,553620,8/1/33,20.234,0.129,United States,8/1/1933
1980,553621,9/1/33,17.288,0.155,United States,9/1/1933
1981,553622,10/1/33,9.848,0.201,United States,10/1/1933
1982,553623,11/1/33,3.171,0.272,United States,11/1/1933
1983,553624,12/1/33,-1.476,0.286,United States,12/1/1933
1984,553625,1/1/34,-2.542,0.347,United States,1/1/1934
1985,553626,2/1/34,-0.685,0.387,United States,2/1/1934
1986,553627,3/1/34,3.215,0.207,United States,3/1/1934
1987,553628,4/1/34,9.553,0.173,United States,4/1/1934
1988,553629,5/1/34,15.727,0.134,United States,5/1/1934
1989,553630,6/1/34,19.58,0.114,United States,6/1/1934
1990,553631,7/1/34,22.412,0.137,United States,7/1/1934
1991,553632,8/1/34,21.013,0.126,United States,8/1/1934
1992,553633,9/1/34,15.816,0.164,United States,9/1/1934
1993,553634,10/1/34,11.13,0.153,United States,10/1/1934
1994,553635,11/1/34,4.402,0.139,United States,11/1/1934
1995,553636,12/1/34,-1.702,0.206,United States,12/1/1934
1996,553637,1/1/35,-3.068,0.335,United States,1/1/1935
1997,553638,2/1/35,-0.059,0.335,United States,2/1/1935
1998,553639,3/1/35,3.761,0.238,United States,3/1/1935
1999,553640,4/1/35,7.529,0.218,United States,4/1/1935
2000,553641,5/1/35,12.136,0.149,United States,5/1/1935
2001,553642,6/1/35,18.199,0.127,United States,6/1/1935
2002,553643,7/1/35,22.09,0.191,United States,7/1/1935
2003,553644,8/1/35,20.643,0.137,United States,8/1/1935
2004,553645,9/1/35,16.091,0.114,United States,9/1/1935
2005,553646,10/1/35,9.543,0.147,United States,10/1/1935
2006,553647,11/1/35,1.64,0.17,United States,11/1/1935
2007,553648,12/1/35,-3.595,0.204,United States,12/1/1935
2008,553649,1/1/36,-4.66,0.398,United States,1/1/1936
2009,553650,2/1/36,-6.002,0.222,United States,2/1/1936
2010,553651,3/1/36,3.283,0.212,United States,3/1/1936
2011,553652,4/1/36,7.827,0.172,United States,4/1/1936
2012,553653,5/1/36,15.312,0.23,United States,5/1/1936
2013,553654,6/1/36,19.983,0.14,United States,6/1/1936
2014,553655,7/1/36,22.834,0.066,United States,7/1/1936
2015,553656,8/1/36,21.746,0.159,United States,8/1/1936
2016,553657,9/1/36,16.777,0.191,United States,9/1/1936
2017,553658,10/1/36,9.631,0.133,United States,10/1/1936
2018,553659,11/1/36,2.2,0.202,United States,11/1/1936
2019,553660,12/1/36,-1.864,0.158,United States,12/1/1936
2020,553661,1/1/37,-4.735,0.185,United States,1/1/1937
2021,553662,2/1/37,-2.996,0.297,United States,2/1/1937
2022,553663,3/1/37,1.189,0.274,United States,3/1/1937
2023,553664,4/1/37,7.357,0.173,United States,4/1/1937
2024,553665,5/1/37,14.331,0.19,United States,5/1/1937
2025,553666,6/1/37,18.913,0.128,United States,6/1/1937
2026,553667,7/1/37,21.769,0.137,United States,7/1/1937
2027,553668,8/1/37,21.466,0.169,United States,8/1/1937
2028,553669,9/1/37,16.789,0.136,United States,9/1/1937
2029,553670,10/1/37,10.057,0.102,United States,10/1/1937
2030,553671,11/1/37,2.892,0.163,United States,11/1/1937
2031,553672,12/1/37,-2.263,0.259,United States,12/1/1937
2032,553673,1/1/38,-3.17,0.158,United States,1/1/1938
2033,553674,2/1/38,-1.004,0.199,United States,2/1/1938
2034,553675,3/1/38,4.371,0.172,United States,3/1/1938
2035,553676,4/1/38,8.798,0.309,United States,4/1/1938
2036,553677,5/1/38,13.666,0.15,United States,5/1/1938
2037,553678,6/1/38,18.718,0.089,United States,6/1/1938
2038,553679,7/1/38,21.359,0.108,United States,7/1/1938
2039,553680,8/1/38,21.178,0.136,United States,8/1/1938
2040,553681,9/1/38,17.154,0.109,United States,9/1/1938
2041,553682,10/1/38,11.421,0.155,United States,10/1/1938
2042,553683,11/1/38,2.428,0.138,United States,11/1/1938
2043,553684,12/1/38,-1.257,0.162,United States,12/1/1938
2044,553685,1/1/39,-2.23,0.272,United States,1/1/1939
2045,553686,2/1/39,-3.239,0.278,United States,2/1/1939
2046,553687,3/1/39,2.718,0.195,United States,3/1/1939
2047,553688,4/1/39,8.533,0.142,United States,4/1/1939
2048,553689,5/1/39,14.744,0.14,United States,5/1/1939
2049,553690,6/1/39,18.855,0.228,United States,6/1/1939
2050,553691,7/1/39,21.899,0.185,United States,7/1/1939
2051,553692,8/1/39,20.505,0.094,United States,8/1/1939
2052,553693,9/1/39,17.243,0.115,United States,9/1/1939
2053,553694,10/1/39,9.731,0.175,United States,10/1/1939
2054,553695,11/1/39,2.467,0.185,United States,11/1/1939
2055,553696,12/1/39,0.464,0.231,United States,12/1/1939
2056,553697,1/1/40,-5.919,0.282,United States,1/1/1940
2057,553698,2/1/40,-1.286,0.147,United States,2/1/1940
2058,553699,3/1/40,2.796,0.156,United States,3/1/1940
2059,553700,4/1/40,8.62,0.157,United States,4/1/1940
2060,553701,5/1/40,14.397,0.118,United States,5/1/1940
2061,553702,6/1/40,19.261,0.128,United States,6/1/1940
2062,553703,7/1/40,21.706,0.178,United States,7/1/1940
2063,553704,8/1/40,20.543,0.159,United States,8/1/1940
2064,553705,9/1/40,16.534,0.175,United States,9/1/1940
2065,553706,10/1/40,10.899,0.124,United States,10/1/1940
2066,553707,11/1/40,1.982,0.16,United States,11/1/1940
2067,553708,12/1/40,-0.367,0.159,United States,12/1/1940
2068,553709,1/1/41,-2.843,0.238,United States,1/1/1941
2069,553710,2/1/41,-0.97,0.172,United States,2/1/1941
2070,553711,3/1/41,1.771,0.168,United States,3/1/1941
2071,553712,4/1/41,8.935,0.161,United States,4/1/1941
2072,553713,5/1/41,14.813,0.146,United States,5/1/1941
2073,553714,6/1/41,18.519,0.145,United States,6/1/1941
2074,553715,7/1/41,21.365,0.151,United States,7/1/1941
2075,553716,8/1/41,20.621,0.183,United States,8/1/1941
2076,553717,9/1/41,16.094,0.218,United States,9/1/1941
2077,553718,10/1/41,10.169,0.158,United States,10/1/1941
2078,553719,11/1/41,3.213,0.185,United States,11/1/1941
2079,553720,12/1/41,-0.494,0.177,United States,12/1/1941
2080,553721,1/1/42,-2.619,0.137,United States,1/1/1942
2081,553722,2/1/42,-2.024,0.129,United States,2/1/1942
2082,553723,3/1/42,2.471,0.193,United States,3/1/1942
2083,553724,4/1/42,9.382,0.183,United States,4/1/1942
2084,553725,5/1/42,13.506,0.171,United States,5/1/1942
2085,553726,6/1/42,18.511,0.164,United States,6/1/1942
2086,553727,7/1/42,21.558,0.213,United States,7/1/1942
2087,553728,8/1/42,20.35,0.197,United States,8/1/1942
2088,553729,9/1/42,15.956,0.108,United States,9/1/1942
2089,553730,10/1/42,10.116,0.108,United States,10/1/1942
2090,553731,11/1/42,3.016,0.154,United States,11/1/1942
2091,553732,12/1/42,-3.191,0.207,United States,12/1/1942
2092,553733,1/1/43,-4.731,0.169,United States,1/1/1943
2093,553734,2/1/43,-0.014,0.206,United States,2/1/1943
2094,553735,3/1/43,1.363,0.181,United States,3/1/1943
2095,553736,4/1/43,9.023,0.145,United States,4/1/1943
2096,553737,5/1/43,13.801,0.164,United States,5/1/1943
2097,553738,6/1/43,19.049,0.081,United States,6/1/1943
2098,553739,7/1/43,21.65,0.179,United States,7/1/1943
2099,553740,8/1/43,20.979,0.147,United States,8/1/1943
2100,553741,9/1/43,15.873,0.19,United States,9/1/1943
2101,553742,10/1/43,9.847,0.18,United States,10/1/1943
2102,553743,11/1/43,3.128,0.127,United States,11/1/1943
2103,553744,12/1/43,-1.926,0.142,United States,12/1/1943
2104,553745,1/1/44,-2.591,0.176,United States,1/1/1944
2105,553746,2/1/44,-0.498,0.238,United States,2/1/1944
2106,553747,3/1/44,1.179,0.161,United States,3/1/1944
2107,553748,4/1/44,6.996,0.162,United States,4/1/1944
2108,553749,5/1/44,14.652,0.162,United States,5/1/1944
2109,553750,6/1/44,18.735,0.145,United States,6/1/1944
2110,553751,7/1/44,21.05,0.176,United States,7/1/1944
2111,553752,8/1/44,20.369,0.19,United States,8/1/1944
2112,553753,9/1/44,16.327,0.147,United States,9/1/1944
2113,553754,10/1/44,10.576,0.161,United States,10/1/1944
2114,553755,11/1/44,2.756,0.148,United States,11/1/1944
2115,553756,12/1/44,-2.773,0.124,United States,12/1/1944
2116,553757,1/1/45,-2.536,0.152,United States,1/1/1945
2117,553758,2/1/45,-0.561,0.121,United States,2/1/1945
2118,553759,3/1/45,4.299,0.102,United States,3/1/1945
2119,553760,4/1/45,7.524,0.139,United States,4/1/1945
2120,553761,5/1/45,12.544,0.178,United States,5/1/1945
2121,553762,6/1/45,17.245,0.143,United States,6/1/1945
2122,553763,7/1/45,20.995,0.201,United States,7/1/1945
2123,553764,8/1/45,20.288,0.166,United States,8/1/1945
2124,553765,9/1/45,16.202,0.121,United States,9/1/1945
2125,553766,10/1/45,9.761,0.119,United States,10/1/1945
2126,553767,11/1/45,2.164,0.163,United States,11/1/1945
2127,553768,12/1/45,-3.87,0.157,United States,12/1/1945
2128,553769,1/1/46,-2.595,0.159,United States,1/1/1946
2129,553770,2/1/46,-1.155,0.16,United States,2/1/1946
2130,553771,3/1/46,4.467,0.229,United States,3/1/1946
2131,553772,4/1/46,9.509,0.115,United States,4/1/1946
2132,553773,5/1/46,13.162,0.103,United States,5/1/1946
2133,553774,6/1/46,18.725,0.199,United States,6/1/1946
2134,553775,7/1/46,21.57,0.176,United States,7/1/1946
2135,553776,8/1/46,19.84,0.212,United States,8/1/1946
2136,553777,9/1/46,15.951,0.111,United States,9/1/1946
2137,553778,10/1/46,9.675,0.099,United States,10/1/1946
2138,553779,11/1/46,2.596,0.112,United States,11/1/1946
2139,553780,12/1/46,-1.59,0.114,United States,12/1/1946
2140,553781,1/1/47,-3.823,0.121,United States,1/1/1947
2141,553782,2/1/47,-2.494,0.197,United States,2/1/1947
2142,553783,3/1/47,1.486,0.173,United States,3/1/1947
2143,553784,4/1/47,8.109,0.09,United States,4/1/1947
2144,553785,5/1/47,13.871,0.167,United States,5/1/1947
2145,553786,6/1/47,17.784,0.186,United States,6/1/1947
2146,553787,7/1/47,21.107,0.146,United States,7/1/1947
2147,553788,8/1/47,21.168,0.126,United States,8/1/1947
2148,553789,9/1/47,16.835,0.115,United States,9/1/1947
2149,553790,10/1/47,11.853,0.135,United States,10/1/1947
2150,553791,11/1/47,1.711,0.181,United States,11/1/1947
2151,553792,12/1/47,-1.574,0.131,United States,12/1/1947
2152,553793,1/1/48,-4.414,0.087,United States,1/1/1948
2153,553794,2/1/48,-2.777,0.153,United States,2/1/1948
2154,553795,3/1/48,1.141,0.145,United States,3/1/1948
2155,553796,4/1/48,9.114,0.193,United States,4/1/1948
2156,553797,5/1/48,13.695,0.144,United States,5/1/1948
2157,553798,6/1/48,18.81,0.106,United States,6/1/1948
2158,553799,7/1/48,21.058,0.157,United States,7/1/1948
2159,553800,8/1/48,20.155,0.124,United States,8/1/1948
2160,553801,9/1/48,16.484,0.127,United States,9/1/1948
2161,553802,10/1/48,9.214,0.139,United States,10/1/1948
2162,553803,11/1/48,2.258,0.108,United States,11/1/1948
2163,553804,12/1/48,-2.958,0.199,United States,12/1/1948
2164,553805,1/1/49,-5.259,0.181,United States,1/1/1949
2165,553806,2/1/49,-2.958,0.179,United States,2/1/1949
2166,553807,3/1/49,3.084,0.201,United States,3/1/1949
2167,553808,4/1/49,8.044,0.124,United States,4/1/1949
2168,553809,5/1/49,14.183,0.078,United States,5/1/1949
2169,553810,6/1/49,18.612,0.131,United States,6/1/1949
2170,553811,7/1/49,21.593,0.111,United States,7/1/1949
2171,553812,8/1/49,20.481,0.182,United States,8/1/1949
2172,553813,9/1/49,15.998,0.117,United States,9/1/1949
2173,553814,10/1/49,9.96,0.09,United States,10/1/1949
2174,553815,11/1/49,5.215,0.117,United States,11/1/1949
2175,553816,12/1/49,-2.296,0.174,United States,12/1/1949
2176,553817,1/1/50,-2.893,0.171,United States,1/1/1950
2177,553818,2/1/50,-1.757,0.156,United States,2/1/1950
2178,553819,3/1/50,1.993,0.234,United States,3/1/1950
2179,553820,4/1/50,7.1,0.174,United States,4/1/1950
2180,553821,5/1/50,13.451,0.162,United States,5/1/1950
2181,553822,6/1/50,18.408,0.144,United States,6/1/1950
2182,553823,7/1/50,20.4,0.146,United States,7/1/1950
2183,553824,8/1/50,19.723,0.169,United States,8/1/1950
2184,553825,9/1/50,15.744,0.094,United States,9/1/1950
2185,553826,10/1/50,11.473,0.095,United States,10/1/1950
2186,553827,11/1/50,2.212,0.122,United States,11/1/1950
2187,553828,12/1/50,-1.977,0.128,United States,12/1/1950
2188,553829,1/1/51,-4.354,0.211,United States,1/1/1951
2189,553830,2/1/51,-1.513,0.192,United States,2/1/1951
2190,553831,3/1/51,0.568,0.12,United States,3/1/1951
2191,553832,4/1/51,7.841,0.192,United States,4/1/1951
2192,553833,5/1/51,14.296,0.259,United States,5/1/1951
2193,553834,6/1/51,17.843,0.417,United States,6/1/1951
2194,553835,7/1/51,21.501,0.209,United States,7/1/1951
2195,553836,8/1/51,20.488,0.154,United States,8/1/1951
2196,553837,9/1/51,15.979,0.279,United States,9/1/1951
2197,553838,10/1/51,9.58,0.143,United States,10/1/1951
2198,553839,11/1/51,1.759,0.313,United States,11/1/1951
2199,553840,12/1/51,-2.989,0.182,United States,12/1/1951
2200,553841,1/1/52,-3.232,0.107,United States,1/1/1952
2201,553842,2/1/52,-0.923,0.085,United States,2/1/1952
2202,553843,3/1/52,0.877,0.095,United States,3/1/1952
2203,553844,4/1/52,8.128,0.094,United States,4/1/1952
2204,553845,5/1/52,13.561,0.118,United States,5/1/1952
2205,553846,6/1/52,19.656,0.104,United States,6/1/1952
2206,553847,7/1/52,21.589,0.154,United States,7/1/1952
2207,553848,8/1/52,20.744,0.155,United States,8/1/1952
2208,553849,9/1/52,16.57,0.106,United States,9/1/1952
2209,553850,10/1/52,9.56,0.104,United States,10/1/1952
2210,553851,11/1/52,2.956,0.112,United States,11/1/1952
2211,553852,12/1/52,-1.733,0.147,United States,12/1/1952
2212,553853,1/1/53,-1.337,0.158,United States,1/1/1953
2213,553854,2/1/53,-0.558,0.094,United States,2/1/1953
2214,553855,3/1/53,3.417,0.085,United States,3/1/1953
2215,553856,4/1/53,7.45,0.147,United States,4/1/1953
2216,553857,5/1/53,13.599,0.176,United States,5/1/1953
2217,553858,6/1/53,19.755,0.152,United States,6/1/1953
2218,553859,7/1/53,21.797,0.134,United States,7/1/1953
2219,553860,8/1/53,20.485,0.103,United States,8/1/1953
2220,553861,9/1/53,16.901,0.082,United States,9/1/1953
2221,553862,10/1/53,10.635,0.106,United States,10/1/1953
2222,553863,11/1/53,3.907,0.089,United States,11/1/1953
2223,553864,12/1/53,-1.686,0.143,United States,12/1/1953
2224,553865,1/1/54,-3.65,0.183,United States,1/1/1954
2225,553866,2/1/54,1.01,0.124,United States,2/1/1954
2226,553867,3/1/54,1.906,0.227,United States,3/1/1954
2227,553868,4/1/54,9.447,0.175,United States,4/1/1954
2228,553869,5/1/54,13.256,0.134,United States,5/1/1954
2229,553870,6/1/54,18.885,0.205,United States,6/1/1954
2230,553871,7/1/54,22.183,0.159,United States,7/1/1954
2231,553872,8/1/54,20.645,0.115,United States,8/1/1954
2232,553873,9/1/54,17.032,0.196,United States,9/1/1954
2233,553874,10/1/54,10.369,0.147,United States,10/1/1954
2234,553875,11/1/54,4.47,0.129,United States,11/1/1954
2235,553876,12/1/54,-2.626,0.153,United States,12/1/1954
2236,553877,1/1/55,-3.365,0.139,United States,1/1/1955
2237,553878,2/1/55,-3.522,0.11,United States,2/1/1955
2238,553879,3/1/55,1.936,0.097,United States,3/1/1955
2239,553880,4/1/55,8.49,0.093,United States,4/1/1955
2240,553881,5/1/55,14.205,0.196,United States,5/1/1955
2241,553882,6/1/55,17.528,0.157,United States,6/1/1955
2242,553883,7/1/55,21.839,0.138,United States,7/1/1955
2243,553884,8/1/55,21.113,0.187,United States,8/1/1955
2244,553885,9/1/55,16.674,0.162,United States,9/1/1955
2245,553886,10/1/55,9.933,0.128,United States,10/1/1955
2246,553887,11/1/55,0.45,0.221,United States,11/1/1955
2247,553888,12/1/55,-3.075,0.175,United States,12/1/1955
2248,553889,1/1/56,-3.87,0.127,United States,1/1/1956
2249,553890,2/1/56,-2.963,0.185,United States,2/1/1956
2250,553891,3/1/56,2.105,0.092,United States,3/1/1956
2251,553892,4/1/56,7.339,0.219,United States,4/1/1956
2252,553893,5/1/56,14.63,0.256,United States,5/1/1956
2253,553894,6/1/56,19.444,0.095,United States,6/1/1956
2254,553895,7/1/56,21.202,0.15,United States,7/1/1956
2255,553896,8/1/56,20.219,0.215,United States,8/1/1956
2256,553897,9/1/56,16.276,0.151,United States,9/1/1956
2257,553898,10/1/56,10.165,0.18,United States,10/1/1956
2258,553899,11/1/56,1.466,0.26,United States,11/1/1956
2259,553900,12/1/56,-1.614,0.308,United States,12/1/1956
2260,553901,1/1/57,-4.243,0.208,United States,1/1/1957
2261,553902,2/1/57,0.238,0.198,United States,2/1/1957
2262,553903,3/1/57,2.913,0.245,United States,3/1/1957
2263,553904,4/1/57,8.403,0.376,United States,4/1/1957
2264,553905,5/1/57,13.753,0.167,United States,5/1/1957
2265,553906,6/1/57,19.162,0.463,United States,6/1/1957
2266,553907,7/1/57,21.762,0.428,United States,7/1/1957
2267,553908,8/1/57,20.603,0.704,United States,8/1/1957
2268,553909,9/1/57,16.008,0.504,United States,9/1/1957
2269,553910,10/1/57,9.039,0.397,United States,10/1/1957
2270,553911,11/1/57,2.819,0.277,United States,11/1/1957
2271,553912,12/1/57,-0.941,0.188,United States,12/1/1957
2272,553913,1/1/58,-2.776,0.252,United States,1/1/1958
2273,553914,2/1/58,-2.256,0.25,United States,2/1/1958
2274,553915,3/1/58,1.449,0.16,United States,3/1/1958
2275,553916,4/1/58,8.144,0.236,United States,4/1/1958
2276,553917,5/1/58,14.859,0.301,United States,5/1/1958
2277,553918,6/1/58,18.729,0.335,United States,6/1/1958
2278,553919,7/1/58,21.098,0.348,United States,7/1/1958
2279,553920,8/1/58,21.135,0.302,United States,8/1/1958
2280,553921,9/1/58,16.522,0.187,United States,9/1/1958
2281,553922,10/1/58,9.655,0.156,United States,10/1/1958
2282,553923,11/1/58,3.436,0.111,United States,11/1/1958
2283,553924,12/1/58,-2.353,0.153,United States,12/1/1958
2284,553925,1/1/59,-4.273,0.233,United States,1/1/1959
2285,553926,2/1/59,-1.378,0.185,United States,2/1/1959
2286,553927,3/1/59,1.606,0.344,United States,3/1/1959
2287,553928,4/1/59,8.127,0.313,United States,4/1/1959
2288,553929,5/1/59,14.24,0.055,United States,5/1/1959
2289,553930,6/1/59,19.573,0.148,United States,6/1/1959
2290,553931,7/1/59,21.11,0.294,United States,7/1/1959
2291,553932,8/1/59,21.001,0.151,United States,8/1/1959
2292,553933,9/1/59,16.171,0.276,United States,9/1/1959
2293,553934,10/1/59,9.344,0.173,United States,10/1/1959
2294,553935,11/1/59,1.602,0.146,United States,11/1/1959
2295,553936,12/1/59,-1.219,0.191,United States,12/1/1959
2296,553937,1/1/60,-3.791,0.161,United States,1/1/1960
2297,553938,2/1/60,-2.488,0.223,United States,2/1/1960
2298,553939,3/1/60,-0.038,0.103,United States,3/1/1960
2299,553940,4/1/60,8.383,0.169,United States,4/1/1960
2300,553941,5/1/60,13.757,0.287,United States,5/1/1960
2301,553942,6/1/60,18.864,0.265,United States,6/1/1960
2302,553943,7/1/60,21.568,0.139,United States,7/1/1960
2303,553944,8/1/60,20.487,0.308,United States,8/1/1960
2304,553945,9/1/60,16.786,0.095,United States,9/1/1960
2305,553946,10/1/60,10.089,0.155,United States,10/1/1960
2306,553947,11/1/60,3.061,0.181,United States,11/1/1960
2307,553948,12/1/60,-2.371,0.077,United States,12/1/1960
2308,553949,1/1/61,-3.139,0.247,United States,1/1/1961
2309,553950,2/1/61,-0.421,0.176,United States,2/1/1961
2310,553951,3/1/61,2.9,0.156,United States,3/1/1961
2311,553952,4/1/61,6.758,0.273,United States,4/1/1961
2312,553953,5/1/61,13.495,0.236,United States,5/1/1961
2313,553954,6/1/61,19.164,0.292,United States,6/1/1961
2314,553955,7/1/61,21.153,0.203,United States,7/1/1961
2315,553956,8/1/61,20.716,0.108,United States,8/1/1961
2316,553957,9/1/61,15.695,0.064,United States,9/1/1961
2317,553958,10/1/61,9.336,0.25,United States,10/1/1961
2318,553959,11/1/61,2.056,0.099,United States,11/1/1961
2319,553960,12/1/61,-4.009,0.143,United States,12/1/1961
2320,553961,1/1/62,-4.849,0.165,United States,1/1/1962
2321,553962,2/1/62,-0.311,0.155,United States,2/1/1962
2322,553963,3/1/62,0.975,0.174,United States,3/1/1962
2323,553964,4/1/62,8.484,0.264,United States,4/1/1962
2324,553965,5/1/62,14.61,0.18,United States,5/1/1962
2325,553966,6/1/62,18.445,0.5,United States,6/1/1962
2326,553967,7/1/62,20.931,0.222,United States,7/1/1962
2327,553968,8/1/62,20.693,0.215,United States,8/1/1962
2328,553969,9/1/62,15.776,0.283,United States,9/1/1962
2329,553970,10/1/62,10.906,0.329,United States,10/1/1962
2330,553971,11/1/62,3.652,0.135,United States,11/1/1962
2331,553972,12/1/62,-1.834,0.237,United States,12/1/1962
2332,553973,1/1/63,-5.482,0.152,United States,1/1/1963
2333,553974,2/1/63,-1.122,0.143,United States,2/1/1963
2334,553975,3/1/63,3.586,0.173,United States,3/1/1963
2335,553976,4/1/63,8.493,0.186,United States,4/1/1963
2336,553977,5/1/63,14.458,0.293,United States,5/1/1963
2337,553978,6/1/63,18.599,0.237,United States,6/1/1963
2338,553979,7/1/63,21.405,0.279,United States,7/1/1963
2339,553980,8/1/63,20.43,0.114,United States,8/1/1963
2340,553981,9/1/63,17.133,0.258,United States,9/1/1963
2341,553982,10/1/63,12.124,0.096,United States,10/1/1963
2342,553983,11/1/63,3.085,0.211,United States,11/1/1963
2343,553984,12/1/63,-3.749,0.089,United States,12/1/1963
2344,553985,1/1/64,-3.196,0.178,United States,1/1/1964
2345,553986,2/1/64,-2.786,0.124,United States,2/1/1964
2346,553987,3/1/64,0.683,0.073,United States,3/1/1964
2347,553988,4/1/64,7.849,0.173,United States,4/1/1964
2348,553989,5/1/64,13.926,0.264,United States,5/1/1964
2349,553990,6/1/64,18.574,0.294,United States,6/1/1964
2350,553991,7/1/64,21.909,0.196,United States,7/1/1964
2351,553992,8/1/64,19.864,0.253,United States,8/1/1964
2352,553993,9/1/64,15.84,0.126,United States,9/1/1964
2353,553994,10/1/64,9.826,0.19,United States,10/1/1964
2354,553995,11/1/64,3.129,0.112,United States,11/1/1964
2355,553996,12/1/64,-3.718,0.086,United States,12/1/1964
2356,553997,1/1/65,-3.194,0.12,United States,1/1/1965
2357,553998,2/1/65,-3.053,0.152,United States,2/1/1965
2358,553999,3/1/65,0.886,0.254,United States,3/1/1965
2359,554000,4/1/65,8.701,0.157,United States,4/1/1965
2360,554001,5/1/65,13.778,0.344,United States,5/1/1965
2361,554002,6/1/65,17.768,0.437,United States,6/1/1965
2362,554003,7/1/65,20.889,0.235,United States,7/1/1965
2363,554004,8/1/65,19.91,0.088,United States,8/1/1965
2364,554005,9/1/65,15.114,0.213,United States,9/1/1965
2365,554006,10/1/65,9.579,0.246,United States,10/1/1965
2366,554007,11/1/65,4.542,0.243,United States,11/1/1965
2367,554008,12/1/65,-1.148,0.232,United States,12/1/1965
2368,554009,1/1/66,-5.76,0.232,United States,1/1/1966
2369,554010,2/1/66,-2.835,0.138,United States,2/1/1966
2370,554011,3/1/66,2.514,0.203,United States,3/1/1966
2371,554012,4/1/66,7.417,0.145,United States,4/1/1966
2372,554013,5/1/66,13.581,0.213,United States,5/1/1966
2373,554014,6/1/66,18.61,0.156,United States,6/1/1966
2374,554015,7/1/66,22.124,0.261,United States,7/1/1966
2375,554016,8/1/66,19.87,0.235,United States,8/1/1966
2376,554017,9/1/66,16.296,0.225,United States,9/1/1966
2377,554018,10/1/66,8.996,0.171,United States,10/1/1966
2378,554019,11/1/66,3.601,0.158,United States,11/1/1966
2379,554020,12/1/66,-2.618,0.146,United States,12/1/1966
2380,554021,1/1/67,-2.269,0.19,United States,1/1/1967
2381,554022,2/1/67,-2.063,0.226,United States,2/1/1967
2382,554023,3/1/67,4.049,0.227,United States,3/1/1967
2383,554024,4/1/67,8.471,0.095,United States,4/1/1967
2384,554025,5/1/67,12.777,0.25,United States,5/1/1967
2385,554026,6/1/67,18.446,0.194,United States,6/1/1967
2386,554027,7/1/67,20.935,0.424,United States,7/1/1967
2387,554028,8/1/67,20.188,0.265,United States,8/1/1967
2388,554029,9/1/67,15.993,0.194,United States,9/1/1967
2389,554030,10/1/67,9.599,0.055,United States,10/1/1967
2390,554031,11/1/67,3.057,0.091,United States,11/1/1967
2391,554032,12/1/67,-2.359,0.131,United States,12/1/1967
2392,554033,1/1/68,-4.093,0.214,United States,1/1/1968
2393,554034,2/1/68,-2.287,0.143,United States,2/1/1968
2394,554035,3/1/68,3.935,0.164,United States,3/1/1968
2395,554036,4/1/68,7.783,0.179,United States,4/1/1968
2396,554037,5/1/68,12.994,0.158,United States,5/1/1968
2397,554038,6/1/68,18.754,0.307,United States,6/1/1968
2398,554039,7/1/68,21.389,0.274,United States,7/1/1968
2399,554040,8/1/68,20.077,0.173,United States,8/1/1968
2400,554041,9/1/68,15.702,0.142,United States,9/1/1968
2401,554042,10/1/68,9.857,0.195,United States,10/1/1968
2402,554043,11/1/68,2.595,0.123,United States,11/1/1968
2403,554044,12/1/68,-4.067,0.166,United States,12/1/1968
2404,554045,1/1/69,-4.523,0.171,United States,1/1/1969
2405,554046,2/1/69,-2.224,0.19,United States,2/1/1969
2406,554047,3/1/69,0.337,0.109,United States,3/1/1969
2407,554048,4/1/69,9.306,0.211,United States,4/1/1969
2408,554049,5/1/69,14.758,0.152,United States,5/1/1969
2409,554050,6/1/69,18.272,0.267,United States,6/1/1969
2410,554051,7/1/69,21.605,0.151,United States,7/1/1969
2411,554052,8/1/69,20.625,0.266,United States,8/1/1969
2412,554053,9/1/69,16.803,0.086,United States,9/1/1969
2413,554054,10/1/69,8.888,0.135,United States,10/1/1969
2414,554055,11/1/69,2.448,0.097,United States,11/1/1969
2415,554056,12/1/69,-1.045,0.236,United States,12/1/1969
2416,554057,1/1/70,-5.642,0.212,United States,1/1/1970
2417,554058,2/1/70,-0.253,0.125,United States,2/1/1970
2418,554059,3/1/70,1.783,0.264,United States,3/1/1970
2419,554060,4/1/70,7.389,0.221,United States,4/1/1970
2420,554061,5/1/70,14.433,0.2,United States,5/1/1970
2421,554062,6/1/70,18.803,0.237,United States,6/1/1970
2422,554063,7/1/70,21.56,0.127,United States,7/1/1970
2423,554064,8/1/70,21.043,0.169,United States,8/1/1970
2424,554065,9/1/70,15.814,0.13,United States,9/1/1970
2425,554066,10/1/70,8.286,0.174,United States,10/1/1970
2426,554067,11/1/70,2.969,0.128,United States,11/1/1970
2427,554068,12/1/70,-2.109,0.144,United States,12/1/1970
2428,554069,1/1/71,-5.185,0.183,United States,1/1/1971
2429,554070,2/1/71,-2.323,0.188,United States,2/1/1971
2430,554071,3/1/71,1.028,0.101,United States,3/1/1971
2431,554072,4/1/71,7.412,0.165,United States,4/1/1971
2432,554073,5/1/71,12.763,0.209,United States,5/1/1971
2433,554074,6/1/71,19.337,0.122,United States,6/1/1971
2434,554075,7/1/71,20.903,0.192,United States,7/1/1971
2435,554076,8/1/71,20.418,0.187,United States,8/1/1971
2436,554077,9/1/71,16.014,0.175,United States,9/1/1971
2437,554078,10/1/71,10.097,0.177,United States,10/1/1971
2438,554079,11/1/71,2.545,0.152,United States,11/1/1971
2439,554080,12/1/71,-1.699,0.168,United States,12/1/1971
2440,554081,1/1/72,-4.279,0.243,United States,1/1/1972
2441,554082,2/1/72,-2.286,0.154,United States,2/1/1972
2442,554083,3/1/72,2.838,0.138,United States,3/1/1972
2443,554084,4/1/72,7.358,0.227,United States,4/1/1972
2444,554085,5/1/72,14.0,0.114,United States,5/1/1972
2445,554086,6/1/72,18.57,0.216,United States,6/1/1972
2446,554087,7/1/72,21.074,0.216,United States,7/1/1972
2447,554088,8/1/72,20.579,0.219,United States,8/1/1972
2448,554089,9/1/72,15.962,0.167,United States,9/1/1972
2449,554090,10/1/72,9.1,0.243,United States,10/1/1972
2450,554091,11/1/72,1.678,0.068,United States,11/1/1972
2451,554092,12/1/72,-3.457,0.201,United States,12/1/1972
2452,554093,1/1/73,-4.54,0.297,United States,1/1/1973
2453,554094,2/1/73,-1.62,0.246,United States,2/1/1973
2454,554095,3/1/73,3.725,0.279,United States,3/1/1973
2455,554096,4/1/73,7.218,0.178,United States,4/1/1973
2456,554097,5/1/73,13.492,0.313,United States,5/1/1973
2457,554098,6/1/73,18.945,0.092,United States,6/1/1973
2458,554099,7/1/73,21.242,0.233,United States,7/1/1973
2459,554100,8/1/73,20.62,0.265,United States,8/1/1973
2460,554101,9/1/73,16.186,0.079,United States,9/1/1973
2461,554102,10/1/73,10.539,0.203,United States,10/1/1973
2462,554103,11/1/73,3.031,0.089,United States,11/1/1973
2463,554104,12/1/73,-1.622,0.149,United States,12/1/1973
2464,554105,1/1/74,-3.583,0.213,United States,1/1/1974
2465,554106,2/1/74,-2.291,0.208,United States,2/1/1974
2466,554107,3/1/74,3.758,0.169,United States,3/1/1974
2467,554108,4/1/74,8.402,0.114,United States,4/1/1974
2468,554109,5/1/74,14.143,0.18,United States,5/1/1974
2469,554110,6/1/74,18.66,0.141,United States,6/1/1974
2470,554111,7/1/74,21.704,0.17,United States,7/1/1974
2471,554112,8/1/74,19.923,0.255,United States,8/1/1974
2472,554113,9/1/74,15.458,0.174,United States,9/1/1974
2473,554114,10/1/74,9.32,0.107,United States,10/1/1974
2474,554115,11/1/74,2.773,0.295,United States,11/1/1974
2475,554116,12/1/74,-2.476,0.203,United States,12/1/1974
2476,554117,1/1/75,-3.216,0.13,United States,1/1/1975
2477,554118,2/1/75,-2.34,0.18,United States,2/1/1975
2478,554119,3/1/75,1.44,0.105,United States,3/1/1975
2479,554120,4/1/75,5.968,0.114,United States,4/1/1975
2480,554121,5/1/75,13.956,0.19,United States,5/1/1975
2481,554122,6/1/75,18.198,0.225,United States,6/1/1975
2482,554123,7/1/75,21.53,0.336,United States,7/1/1975
2483,554124,8/1/75,20.285,0.456,United States,8/1/1975
2484,554125,9/1/75,15.289,0.26,United States,9/1/1975
2485,554126,10/1/75,9.844,0.232,United States,10/1/1975
2486,554127,11/1/75,2.429,0.127,United States,11/1/1975
2487,554128,12/1/75,-2.211,0.117,United States,12/1/1975
2488,554129,1/1/76,-3.876,0.112,United States,1/1/1976
2489,554130,2/1/76,0.256,0.165,United States,2/1/1976
2490,554131,3/1/76,2.94,0.173,United States,3/1/1976
2491,554132,4/1/76,8.575,0.165,United States,4/1/1976
2492,554133,5/1/76,13.308,0.336,United States,5/1/1976
2493,554134,6/1/76,18.448,0.228,United States,6/1/1976
2494,554135,7/1/76,21.201,0.31,United States,7/1/1976
2495,554136,8/1/76,20.131,0.19,United States,8/1/1976
2496,554137,9/1/76,16.176,0.219,United States,9/1/1976
2497,554138,10/1/76,7.818,0.279,United States,10/1/1976
2498,554139,11/1/76,1.913,0.154,United States,11/1/1976
2499,554140,12/1/76,-3.075,0.136,United States,12/1/1976
2500,554141,1/1/77,-5.601,0.111,United States,1/1/1977
2501,554142,2/1/77,0.271,0.226,United States,2/1/1977
2502,554143,3/1/77,2.918,0.128,United States,3/1/1977
2503,554144,4/1/77,9.153,0.126,United States,4/1/1977
2504,554145,5/1/77,14.556,0.198,United States,5/1/1977
2505,554146,6/1/77,19.741,0.172,United States,6/1/1977
2506,554147,7/1/77,22.083,0.246,United States,7/1/1977
2507,554148,8/1/77,20.909,0.213,United States,8/1/1977
2508,554149,9/1/77,17.025,0.173,United States,9/1/1977
2509,554150,10/1/77,9.815,0.133,United States,10/1/1977
2510,554151,11/1/77,2.694,0.054,United States,11/1/1977
2511,554152,12/1/77,-2.326,0.193,United States,12/1/1977
2512,554153,1/1/78,-4.646,0.223,United States,1/1/1978
2513,554154,2/1/78,-3.857,0.215,United States,2/1/1978
2514,554155,3/1/78,2.819,0.194,United States,3/1/1978
2515,554156,4/1/78,8.736,0.199,United States,4/1/1978
2516,554157,5/1/78,13.89,0.151,United States,5/1/1978
2517,554158,6/1/78,18.872,0.216,United States,6/1/1978
2518,554159,7/1/78,21.733,0.236,United States,7/1/1978
2519,554160,8/1/78,20.653,0.266,United States,8/1/1978
2520,554161,9/1/78,17.028,0.083,United States,9/1/1978
2521,554162,10/1/78,9.73,0.151,United States,10/1/1978
2522,554163,11/1/78,3.186,0.238,United States,11/1/1978
2523,554164,12/1/78,-3.127,0.28,United States,12/1/1978
2524,554165,1/1/79,-6.62,0.247,United States,1/1/1979
2525,554166,2/1/79,-5.276,0.158,United States,2/1/1979
2526,554167,3/1/79,3.175,0.193,United States,3/1/1979
2527,554168,4/1/79,7.974,0.265,United States,4/1/1979
2528,554169,5/1/79,13.758,0.252,United States,5/1/1979
2529,554170,6/1/79,18.514,0.155,United States,6/1/1979
2530,554171,7/1/79,21.439,0.148,United States,7/1/1979
2531,554172,8/1/79,20.371,0.281,United States,8/1/1979
2532,554173,9/1/79,17.086,0.072,United States,9/1/1979
2533,554174,10/1/79,10.821,0.086,United States,10/1/1979
2534,554175,11/1/79,2.972,0.139,United States,11/1/1979
2535,554176,12/1/79,-1.355,0.161,United States,12/1/1979
2536,554177,1/1/80,-3.517,0.134,United States,1/1/1980
2537,554178,2/1/80,-1.325,0.12,United States,2/1/1980
2538,554179,3/1/80,2.073,0.124,United States,3/1/1980
2539,554180,4/1/80,8.601,0.225,United States,4/1/1980
2540,554181,5/1/80,14.167,0.152,United States,5/1/1980
2541,554182,6/1/80,18.939,0.178,United States,6/1/1980
2542,554183,7/1/80,22.544,0.227,United States,7/1/1980
2543,554184,8/1/80,20.776,0.193,United States,8/1/1980
2544,554185,9/1/80,16.791,0.094,United States,9/1/1980
2545,554186,10/1/80,9.348,0.117,United States,10/1/1980
2546,554187,11/1/80,3.42,0.063,United States,11/1/1980
2547,554188,12/1/80,-2.191,0.112,United States,12/1/1980
2548,554189,1/1/81,-0.996,0.187,United States,1/1/1981
2549,554190,2/1/81,0.022,0.189,United States,2/1/1981
2550,554191,3/1/81,4.221,0.112,United States,3/1/1981
2551,554192,4/1/81,10.178,0.19,United States,4/1/1981
2552,554193,5/1/81,13.88,0.157,United States,5/1/1981
2553,554194,6/1/81,19.467,0.291,United States,6/1/1981
2554,554195,7/1/81,21.562,0.252,United States,7/1/1981
2555,554196,8/1/81,20.495,0.124,United States,8/1/1981
2556,554197,9/1/81,16.223,0.12,United States,9/1/1981
2557,554198,10/1/81,9.072,0.177,United States,10/1/1981
2558,554199,11/1/81,4.344,0.118,United States,11/1/1981
2559,554200,12/1/81,-1.81,0.201,United States,12/1/1981
2560,554201,1/1/82,-5.793,0.141,United States,1/1/1982
2561,554202,2/1/82,-2.141,0.14,United States,2/1/1982
2562,554203,3/1/82,3.048,0.156,United States,3/1/1982
2563,554204,4/1/82,6.736,0.09,United States,4/1/1982
2564,554205,5/1/82,14.001,0.183,United States,5/1/1982
2565,554206,6/1/82,17.84,0.225,United States,6/1/1982
2566,554207,7/1/82,21.383,0.231,United States,7/1/1982
2567,554208,8/1/82,20.56,0.072,United States,8/1/1982
2568,554209,9/1/82,16.061,0.109,United States,9/1/1982
2569,554210,10/1/82,8.802,0.075,United States,10/1/1982
2570,554211,11/1/82,2.43,0.219,United States,11/1/1982
2571,554212,12/1/82,-0.453,0.201,United States,12/1/1982
2572,554213,1/1/83,-2.596,0.198,United States,1/1/1983
2573,554214,2/1/83,0.026,0.202,United States,2/1/1983
2574,554215,3/1/83,3.227,0.19,United States,3/1/1983
2575,554216,4/1/83,6.625,0.11,United States,4/1/1983
2576,554217,5/1/83,13.011,0.183,United States,5/1/1983
2577,554218,6/1/83,18.284,0.251,United States,6/1/1983
2578,554219,7/1/83,21.787,0.179,United States,7/1/1983
2579,554220,8/1/83,21.763,0.128,United States,8/1/1983
2580,554221,9/1/83,16.346,0.133,United States,9/1/1983
2581,554222,10/1/83,9.854,0.178,United States,10/1/1983
2582,554223,11/1/83,3.759,0.167,United States,11/1/1983
2583,554224,12/1/83,-5.138,0.27,United States,12/1/1983
2584,554225,1/1/84,-4.207,0.155,United States,1/1/1984
2585,554226,2/1/84,-1.015,0.11,United States,2/1/1984
2586,554227,3/1/84,2.553,0.161,United States,3/1/1984
2587,554228,4/1/84,7.175,0.122,United States,4/1/1984
2588,554229,5/1/84,13.769,0.089,United States,5/1/1984
2589,554230,6/1/84,19.035,0.125,United States,6/1/1984
2590,554231,7/1/84,21.264,0.287,United States,7/1/1984
2591,554232,8/1/84,20.886,0.211,United States,8/1/1984
2592,554233,9/1/84,15.677,0.138,United States,9/1/1984
2593,554234,10/1/84,9.514,0.171,United States,10/1/1984
2594,554235,11/1/84,2.373,0.21,United States,11/1/1984
2595,554236,12/1/84,-1.29,0.182,United States,12/1/1984
2596,554237,1/1/85,-4.019,0.171,United States,1/1/1985
2597,554238,2/1/85,-3.455,0.12,United States,2/1/1985
2598,554239,3/1/85,3.677,0.077,United States,3/1/1985
2599,554240,4/1/85,8.709,0.257,United States,4/1/1985
2600,554241,5/1/85,14.656,0.211,United States,5/1/1985
2601,554242,6/1/85,18.462,0.308,United States,6/1/1985
2602,554243,7/1/85,21.758,0.218,United States,7/1/1985
2603,554244,8/1/85,20.02,0.202,United States,8/1/1985
2604,554245,9/1/85,15.271,0.224,United States,9/1/1985
2605,554246,10/1/85,9.435,0.117,United States,10/1/1985
2606,554247,11/1/85,1.545,0.098,United States,11/1/1985
2607,554248,12/1/85,-3.015,0.374,United States,12/1/1985
2608,554249,1/1/86,-1.274,0.306,United States,1/1/1986
2609,554250,2/1/86,-0.175,0.256,United States,2/1/1986
2610,554251,3/1/86,4.471,0.175,United States,3/1/1986
2611,554252,4/1/86,8.394,0.157,United States,4/1/1986
2612,554253,5/1/86,14.245,0.17,United States,5/1/1986
2613,554254,6/1/86,19.789,0.201,United States,6/1/1986
2614,554255,7/1/86,21.544,0.153,United States,7/1/1986
2615,554256,8/1/86,20.188,0.207,United States,8/1/1986
2616,554257,9/1/86,15.92,0.223,United States,9/1/1986
2617,554258,10/1/86,9.691,0.134,United States,10/1/1986
2618,554259,11/1/86,2.504,0.186,United States,11/1/1986
2619,554260,12/1/86,-0.583,0.151,United States,12/1/1986
2620,554261,1/1/87,-2.525,0.213,United States,1/1/1987
2621,554262,2/1/87,0.257,0.144,United States,2/1/1987
2622,554263,3/1/87,3.266,0.135,United States,3/1/1987
2623,554264,4/1/87,9.16,0.135,United States,4/1/1987
2624,554265,5/1/87,15.258,0.122,United States,5/1/1987
2625,554266,6/1/87,19.63,0.172,United States,6/1/1987
2626,554267,7/1/87,21.479,0.183,United States,7/1/1987
2627,554268,8/1/87,20.587,0.238,United States,8/1/1987
2628,554269,9/1/87,16.371,0.154,United States,9/1/1987
2629,554270,10/1/87,9.653,0.142,United States,10/1/1987
2630,554271,11/1/87,3.835,0.112,United States,11/1/1987
2631,554272,12/1/87,-1.433,0.078,United States,12/1/1987
2632,554273,1/1/88,-4.263,0.12,United States,1/1/1988
2633,554274,2/1/88,-1.361,0.156,United States,2/1/1988
2634,554275,3/1/88,3.252,0.117,United States,3/1/1988
2635,554276,4/1/88,8.686,0.151,United States,4/1/1988
2636,554277,5/1/88,14.642,0.171,United States,5/1/1988
2637,554278,6/1/88,20.021,0.245,United States,6/1/1988
2638,554279,7/1/88,22.243,0.185,United States,7/1/1988
2639,554280,8/1/88,21.295,0.124,United States,8/1/1988
2640,554281,9/1/88,16.161,0.143,United States,9/1/1988
2641,554282,10/1/88,9.22,0.142,United States,10/1/1988
2642,554283,11/1/88,2.909,0.108,United States,11/1/1988
2643,554284,12/1/88,-1.501,0.165,United States,12/1/1988
2644,554285,1/1/89,-3.103,0.191,United States,1/1/1989
2645,554286,2/1/89,-2.817,0.133,United States,2/1/1989
2646,554287,3/1/89,3.12,0.23,United States,3/1/1989
2647,554288,4/1/89,9.439,0.153,United States,4/1/1989
2648,554289,5/1/89,14.031,0.16,United States,5/1/1989
2649,554290,6/1/89,18.698,0.181,United States,6/1/1989
2650,554291,7/1/89,21.974,0.242,United States,7/1/1989
2651,554292,8/1/89,20.469,0.282,United States,8/1/1989
2652,554293,9/1/89,16.236,0.196,United States,9/1/1989
2653,554294,10/1/89,9.901,0.208,United States,10/1/1989
2654,554295,11/1/89,2.597,0.157,United States,11/1/1989
2655,554296,12/1/89,-4.068,0.086,United States,12/1/1989
2656,554297,1/1/90,-1.123,0.195,United States,1/1/1990
2657,554298,2/1/90,-1.747,0.107,United States,2/1/1990
2658,554299,3/1/90,4.465,0.24,United States,3/1/1990
2659,554300,4/1/90,9.38,0.08,United States,4/1/1990
2660,554301,5/1/90,13.772,0.112,United States,5/1/1990
2661,554302,6/1/90,19.78,0.255,United States,6/1/1990
2662,554303,7/1/90,21.605,0.175,United States,7/1/1990
2663,554304,8/1/90,20.857,0.218,United States,8/1/1990
2664,554305,9/1/90,17.457,0.203,United States,9/1/1990
2665,554306,10/1/90,9.592,0.159,United States,10/1/1990
2666,554307,11/1/90,3.622,0.3,United States,11/1/1990
2667,554308,12/1/90,-3.401,0.19,United States,12/1/1990
2668,554309,1/1/91,-3.859,0.109,United States,1/1/1991
2669,554310,2/1/91,1.043,0.138,United States,2/1/1991
2670,554311,3/1/91,3.496,0.202,United States,3/1/1991
2671,554312,4/1/91,9.144,0.141,United States,4/1/1991
2672,554313,5/1/91,15.076,0.134,United States,5/1/1991
2673,554314,6/1/91,19.335,0.087,United States,6/1/1991
2674,554315,7/1/91,21.616,0.188,United States,7/1/1991
2675,554316,8/1/91,20.866,0.195,United States,8/1/1991
2676,554317,9/1/91,16.607,0.156,United States,9/1/1991
2677,554318,10/1/91,10.154,0.125,United States,10/1/1991
2678,554319,11/1/91,1.478,0.12,United States,11/1/1991
2679,554320,12/1/91,-1.032,0.12,United States,12/1/1991
2680,554321,1/1/92,-1.739,0.191,United States,1/1/1992
2681,554322,2/1/92,0.662,0.187,United States,2/1/1992
2682,554323,3/1/92,4.227,0.163,United States,3/1/1992
2683,554324,4/1/92,8.729,0.262,United States,4/1/1992
2684,554325,5/1/92,14.029,0.075,United States,5/1/1992
2685,554326,6/1/92,18.477,0.227,United States,6/1/1992
2686,554327,7/1/92,20.595,0.212,United States,7/1/1992
2687,554328,8/1/92,19.492,0.175,United States,8/1/1992
2688,554329,9/1/92,15.458,0.266,United States,9/1/1992
2689,554330,10/1/92,9.527,0.083,United States,10/1/1992
2690,554331,11/1/92,2.125,0.238,United States,11/1/1992
2691,554332,12/1/92,-2.906,0.357,United States,12/1/1992
2692,554333,1/1/93,-3.498,0.192,United States,1/1/1993
2693,554334,2/1/93,-2.381,0.184,United States,2/1/1993
2694,554335,3/1/93,3.195,0.159,United States,3/1/1993
2695,554336,4/1/93,8.246,0.133,United States,4/1/1993
2696,554337,5/1/93,14.63,0.247,United States,5/1/1993
2697,554338,6/1/93,18.459,0.119,United States,6/1/1993
2698,554339,7/1/93,21.254,0.166,United States,7/1/1993
2699,554340,8/1/93,20.486,0.174,United States,8/1/1993
2700,554341,9/1/93,15.534,0.184,United States,9/1/1993
2701,554342,10/1/93,9.591,0.114,United States,10/1/1993
2702,554343,11/1/93,1.893,0.189,United States,11/1/1993
2703,554344,12/1/93,-1.002,0.129,United States,12/1/1993
2704,554345,1/1/94,-3.729,0.228,United States,1/1/1994
2705,554346,2/1/94,-2.622,0.15,United States,2/1/1994
2706,554347,3/1/94,3.743,0.127,United States,3/1/1994
2707,554348,4/1/94,9.035,0.167,United States,4/1/1994
2708,554349,5/1/94,14.413,0.115,United States,5/1/1994
2709,554350,6/1/94,19.964,0.209,United States,6/1/1994
2710,554351,7/1/94,21.694,0.206,United States,7/1/1994
2711,554352,8/1/94,20.807,0.147,United States,8/1/1994
2712,554353,9/1/94,16.567,0.178,United States,9/1/1994
2713,554354,10/1/94,9.572,0.099,United States,10/1/1994
2714,554355,11/1/94,2.7,0.208,United States,11/1/1994
2715,554356,12/1/94,-0.9,0.156,United States,12/1/1994
2716,554357,1/1/95,-2.139,0.176,United States,1/1/1995
2717,554358,2/1/95,0.257,0.175,United States,2/1/1995
2718,554359,3/1/95,3.055,0.131,United States,3/1/1995
2719,554360,4/1/95,7.975,0.189,United States,4/1/1995
2720,554361,5/1/95,13.717,0.126,United States,5/1/1995
2721,554362,6/1/95,18.469,0.162,United States,6/1/1995
2722,554363,7/1/95,21.632,0.147,United States,7/1/1995
2723,554364,8/1/95,21.586,0.157,United States,8/1/1995
2724,554365,9/1/95,16.739,0.179,United States,9/1/1995
2725,554366,10/1/95,10.03,0.111,United States,10/1/1995
2726,554367,11/1/95,2.613,0.132,United States,11/1/1995
2727,554368,12/1/95,-1.962,0.093,United States,12/1/1995
2728,554369,1/1/96,-4.316,0.174,United States,1/1/1996
2729,554370,2/1/96,-0.887,0.126,United States,2/1/1996
2730,554371,3/1/96,2.021,0.1,United States,3/1/1996
2731,554372,4/1/96,7.975,0.182,United States,4/1/1996
2732,554373,5/1/96,14.586,0.135,United States,5/1/1996
2733,554374,6/1/96,19.513,0.154,United States,6/1/1996
2734,554375,7/1/96,21.636,0.183,United States,7/1/1996
2735,554376,8/1/96,20.497,0.147,United States,8/1/1996
2736,554377,9/1/96,15.429,0.172,United States,9/1/1996
2737,554378,10/1/96,8.822,0.122,United States,10/1/1996
2738,554379,11/1/96,1.809,0.105,United States,11/1/1996
2739,554380,12/1/96,-2.033,0.077,United States,12/1/1996
2740,554381,1/1/97,-4.012,0.164,United States,1/1/1997
2741,554382,2/1/97,0.219,0.159,United States,2/1/1997
2742,554383,3/1/97,3.757,0.216,United States,3/1/1997
2743,554384,4/1/97,7.08,0.113,United States,4/1/1997
2744,554385,5/1/97,13.906,0.159,United States,5/1/1997
2745,554386,6/1/97,19.042,0.159,United States,6/1/1997
2746,554387,7/1/97,21.597,0.246,United States,7/1/1997
2747,554388,8/1/97,20.642,0.214,United States,8/1/1997
2748,554389,9/1/97,17.458,0.192,United States,9/1/1997
2749,554390,10/1/97,9.233,0.201,United States,10/1/1997
2750,554391,11/1/97,2.947,0.098,United States,11/1/1997
2751,554392,12/1/97,-1.794,0.089,United States,12/1/1997
2752,554393,1/1/98,-1.69,0.125,United States,1/1/1998
2753,554394,2/1/98,1.0,0.136,United States,2/1/1998
2754,554395,3/1/98,3.317,0.146,United States,3/1/1998
2755,554396,4/1/98,8.865,0.154,United States,4/1/1998
2756,554397,5/1/98,15.193,0.106,United States,5/1/1998
2757,554398,6/1/98,18.771,0.157,United States,6/1/1998
2758,554399,7/1/98,22.626,0.141,United States,7/1/1998
2759,554400,8/1/98,21.299,0.105,United States,8/1/1998
2760,554401,9/1/98,18.384,0.174,United States,9/1/1998
2761,554402,10/1/98,10.435,0.119,United States,10/1/1998
2762,554403,11/1/98,4.521,0.068,United States,11/1/1998
2763,554404,12/1/98,-1.027,0.104,United States,12/1/1998
2764,554405,1/1/99,-2.55,0.091,United States,1/1/1999
2765,554406,2/1/99,0.188,0.182,United States,2/1/1999
2766,554407,3/1/99,2.976,0.1,United States,3/1/1999
2767,554408,4/1/99,8.379,0.165,United States,4/1/1999
2768,554409,5/1/99,13.885,0.157,United States,5/1/1999
2769,554410,6/1/99,18.912,0.125,United States,6/1/1999
2770,554411,7/1/99,21.923,0.204,United States,7/1/1999
2771,554412,8/1/99,21.085,0.183,United States,8/1/1999
2772,554413,9/1/99,16.269,0.179,United States,9/1/1999
2773,554414,10/1/99,9.818,0.132,United States,10/1/1999
2774,554415,11/1/99,5.34,0.1,United States,11/1/1999
2775,554416,12/1/99,-1.421,0.128,United States,12/1/1999
2776,554417,1/1/00,-2.338,0.149,United States,1/1/2000
2777,554418,2/1/00,2.005,0.157,United States,2/1/2000
2778,554419,3/1/00,5.146,0.135,United States,3/1/2000
2779,554420,4/1/00,8.929,0.121,United States,4/1/2000
2780,554421,5/1/00,15.085,0.177,United States,5/1/2000
2781,554422,6/1/00,19.294,0.16,United States,6/1/2000
2782,554423,7/1/00,21.605,0.231,United States,7/1/2000
2783,554424,8/1/00,21.263,0.259,United States,8/1/2000
2784,554425,9/1/00,16.525,0.113,United States,9/1/2000
2785,554426,10/1/00,10.134,0.168,United States,10/1/2000
2786,554427,11/1/00,1.608,0.091,United States,11/1/2000
2787,554428,12/1/00,-3.459,0.186,United States,12/1/2000
2788,554429,1/1/01,-2.052,0.142,United States,1/1/2001
2789,554430,2/1/01,-0.73,0.157,United States,2/1/2001
2790,554431,3/1/01,2.606,0.124,United States,3/1/2001
2791,554432,4/1/01,9.274,0.084,United States,4/1/2001
2792,554433,5/1/01,14.728,0.131,United States,5/1/2001
2793,554434,6/1/01,19.357,0.175,United States,6/1/2001
2794,554435,7/1/01,21.907,0.198,United States,7/1/2001
2795,554436,8/1/01,21.653,0.098,United States,8/1/2001
2796,554437,9/1/01,16.925,0.217,United States,9/1/2001
2797,554438,10/1/01,9.586,0.094,United States,10/1/2001
2798,554439,11/1/01,5.233,0.161,United States,11/1/2001
2799,554440,12/1/01,-1.06,0.084,United States,12/1/2001
2800,554441,1/1/02,-1.166,0.197,United States,1/1/2002
2801,554442,2/1/02,-0.223,0.135,United States,2/1/2002
2802,554443,3/1/02,2.08,0.148,United States,3/1/2002
2803,554444,4/1/02,9.211,0.135,United States,4/1/2002
2804,554445,5/1/02,13.908,0.128,United States,5/1/2002
2805,554446,6/1/02,20.052,0.093,United States,6/1/2002
2806,554447,7/1/02,22.675,0.238,United States,7/1/2002
2807,554448,8/1/02,20.901,0.124,United States,8/1/2002
2808,554449,9/1/02,17.518,0.118,United States,9/1/2002
2809,554450,10/1/02,9.288,0.199,United States,10/1/2002
2810,554451,11/1/02,3.919,0.089,United States,11/1/2002
2811,554452,12/1/02,-0.369,0.104,United States,12/1/2002
2812,554453,1/1/03,-1.82,0.118,United States,1/1/2003
2813,554454,2/1/03,-1.26,0.151,United States,2/1/2003
2814,554455,3/1/03,3.438,0.144,United States,3/1/2003
2815,554456,4/1/03,9.014,0.228,United States,4/1/2003
2816,554457,5/1/03,14.443,0.202,United States,5/1/2003
2817,554458,6/1/03,18.871,0.267,United States,6/1/2003
2818,554459,7/1/03,22.499,0.225,United States,7/1/2003
2819,554460,8/1/03,21.833,0.3,United States,8/1/2003
2820,554461,9/1/03,16.299,0.202,United States,9/1/2003
2821,554462,10/1/03,11.466,0.28,United States,10/1/2003
2822,554463,11/1/03,3.35,0.104,United States,11/1/2003
2823,554464,12/1/03,-1.072,0.134,United States,12/1/2003
2824,554465,1/1/04,-3.841,0.197,United States,1/1/2004
2825,554466,2/1/04,-1.427,0.13,United States,2/1/2004
2826,554467,3/1/04,5.178,0.175,United States,3/1/2004
2827,554468,4/1/04,9.388,0.185,United States,4/1/2004
2828,554469,5/1/04,15.247,0.144,United States,5/1/2004
2829,554470,6/1/04,19.228,0.279,United States,6/1/2004
2830,554471,7/1/04,21.663,0.166,United States,7/1/2004
2831,554472,8/1/04,20.175,0.217,United States,8/1/2004
2832,554473,9/1/04,16.468,0.127,United States,9/1/2004
2833,554474,10/1/04,10.67,0.232,United States,10/1/2004
2834,554475,11/1/04,4.191,0.113,United States,11/1/2004
2835,554476,12/1/04,-0.93,0.112,United States,12/1/2004
2836,554477,1/1/05,-1.884,0.112,United States,1/1/2005
2837,554478,2/1/05,0.408,0.16,United States,2/1/2005
2838,554479,3/1/05,3.548,0.164,United States,3/1/2005
2839,554480,4/1/05,8.797,0.148,United States,4/1/2005
2840,554481,5/1/05,14.204,0.154,United States,5/1/2005
2841,554482,6/1/05,19.511,0.134,United States,6/1/2005
2842,554483,7/1/05,22.478,0.129,United States,7/1/2005
2843,554484,8/1/05,21.353,0.085,United States,8/1/2005
2844,554485,9/1/05,17.73,0.074,United States,9/1/2005
2845,554486,10/1/05,10.489,0.163,United States,10/1/2005
2846,554487,11/1/05,3.65,0.158,United States,11/1/2005
2847,554488,12/1/05,-1.572,0.16,United States,12/1/2005
2848,554489,1/1/06,-0.287,0.183,United States,1/1/2006
2849,554490,2/1/06,-0.574,0.167,United States,2/1/2006
2850,554491,3/1/06,2.794,0.204,United States,3/1/2006
2851,554492,4/1/06,9.85,0.262,United States,4/1/2006
2852,554493,5/1/06,15.155,0.259,United States,5/1/2006
2853,554494,6/1/06,19.933,0.172,United States,6/1/2006
2854,554495,7/1/06,22.911,0.181,United States,7/1/2006
2855,554496,8/1/06,21.079,0.185,United States,8/1/2006
2856,554497,9/1/06,15.992,0.121,United States,9/1/2006
2857,554498,10/1/06,9.608,0.127,United States,10/1/2006
2858,554499,11/1/06,3.4,0.134,United States,11/1/2006
2859,554500,12/1/06,-0.167,0.157,United States,12/1/2006
2860,554501,1/1/07,-2.959,0.106,United States,1/1/2007
2861,554502,2/1/07,-2.24,0.208,United States,2/1/2007
2862,554503,3/1/07,4.446,0.142,United States,3/1/2007
2863,554504,4/1/07,8.476,0.15,United States,4/1/2007
2864,554505,5/1/07,15.101,0.102,United States,5/1/2007
2865,554506,6/1/07,19.705,0.162,United States,6/1/2007
2866,554507,7/1/07,22.352,0.162,United States,7/1/2007
2867,554508,8/1/07,22.118,0.106,United States,8/1/2007
2868,554509,9/1/07,17.365,0.228,United States,9/1/2007
2869,554510,10/1/07,10.932,0.081,United States,10/1/2007
2870,554511,11/1/07,4.502,0.124,United States,11/1/2007
2871,554512,12/1/07,-1.748,0.133,United States,12/1/2007
2872,554513,1/1/08,-3.883,0.164,United States,1/1/2008
2873,554514,2/1/08,-1.586,0.122,United States,2/1/2008
2874,554515,3/1/08,2.828,0.182,United States,3/1/2008
2875,554516,4/1/08,7.902,0.124,United States,4/1/2008
2876,554517,5/1/08,13.723,0.112,United States,5/1/2008
2877,554518,6/1/08,19.381,0.181,United States,6/1/2008
2878,554519,7/1/08,21.69,0.11,United States,7/1/2008
2879,554520,8/1/08,20.543,0.251,United States,8/1/2008
2880,554521,9/1/08,16.567,0.151,United States,9/1/2008
2881,554522,10/1/08,9.164,0.125,United States,10/1/2008
2882,554523,11/1/08,3.62,0.08,United States,11/1/2008
2883,554524,12/1/08,-2.532,0.117,United States,12/1/2008
2884,554525,1/1/09,-3.569,0.099,United States,1/1/2009
2885,554526,2/1/09,-0.31,0.188,United States,2/1/2009
2886,554527,3/1/09,2.833,0.117,United States,3/1/2009
2887,554528,4/1/09,8.172,0.216,United States,4/1/2009
2888,554529,5/1/09,14.884,0.17,United States,5/1/2009
2889,554530,6/1/09,18.962,0.146,United States,6/1/2009
2890,554531,7/1/09,21.463,0.287,United States,7/1/2009
2891,554532,8/1/09,20.436,0.221,United States,8/1/2009
2892,554533,9/1/09,17.167,0.118,United States,9/1/2009
2893,554534,10/1/09,8.534,0.103,United States,10/1/2009
2894,554535,11/1/09,4.251,0.195,United States,11/1/2009
2895,554536,12/1/09,-3.178,0.116,United States,12/1/2009
2896,554537,1/1/10,-3.61,0.115,United States,1/1/2010
2897,554538,2/1/10,-2.105,0.101,United States,2/1/2010
2898,554539,3/1/10,3.436,0.192,United States,3/1/2010
2899,554540,4/1/10,9.55,0.094,United States,4/1/2010
2900,554541,5/1/10,14.174,0.163,United States,5/1/2010
2901,554542,6/1/10,19.885,0.182,United States,6/1/2010
2902,554543,7/1/10,22.078,0.229,United States,7/1/2010
2903,554544,8/1/10,21.703,0.256,United States,8/1/2010
2904,554545,9/1/10,17.384,0.113,United States,9/1/2010
2905,554546,10/1/10,10.913,0.053,United States,10/1/2010
2906,554547,11/1/10,3.601,0.155,United States,11/1/2010
2907,554548,12/1/10,-2.942,0.208,United States,12/1/2010
2908,554549,1/1/11,-3.507,0.208,United States,1/1/2011
2909,554550,2/1/11,-1.881,0.136,United States,2/1/2011
2910,554551,3/1/11,3.462,0.106,United States,3/1/2011
2911,554552,4/1/11,8.582,0.158,United States,4/1/2011
2912,554553,5/1/11,13.759,0.183,United States,5/1/2011
2913,554554,6/1/11,19.578,0.251,United States,6/1/2011
2914,554555,7/1/11,22.722,0.22,United States,7/1/2011
2915,554556,8/1/11,21.915,0.132,United States,8/1/2011
2916,554557,9/1/11,17.148,0.11,United States,9/1/2011
2917,554558,10/1/11,10.49,0.134,United States,10/1/2011
2918,554559,11/1/11,2.966,0.186,United States,11/1/2011
2919,554560,12/1/11,-0.635,0.253,United States,12/1/2011
2920,554561,1/1/12,-2.268,0.232,United States,1/1/2012
2921,554562,2/1/12,0.582,0.182,United States,2/1/2012
2922,554563,3/1/12,6.024,0.138,United States,3/1/2012
2923,554564,4/1/12,10.196,0.278,United States,4/1/2012
2924,554565,5/1/12,15.422,0.196,United States,5/1/2012
2925,554566,6/1/12,19.954,0.273,United States,6/1/2012
2926,554567,7/1/12,23.008,0.278,United States,7/1/2012
2927,554568,8/1/12,21.422,0.251,United States,8/1/2012
2928,554569,9/1/12,17.036,0.185,United States,9/1/2012
2929,554570,10/1/12,9.688,0.225,United States,10/1/2012
2930,554571,11/1/12,3.33,0.12,United States,11/1/2012
2931,554572,12/1/12,-1.261,0.228,United States,12/1/2012
2932,554573,1/1/13,-2.155,0.185,United States,1/1/2013
2933,554574,2/1/13,-1.216,0.216,United States,2/1/2013
2934,554575,3/1/13,2.289,0.222,United States,3/1/2013
2935,554576,4/1/13,6.97,0.221,United States,4/1/2013
2936,554577,5/1/13,14.073,0.178,United States,5/1/2013
2937,554578,6/1/13,20.198,0.236,United States,6/1/2013
2938,554579,7/1/13,22.074,0.152,United States,7/1/2013
2939,554580,8/1/13,21.168,0.249,United States,8/1/2013
2940,554581,9/1/13,18.273,1.21,United States,9/1/2013
